Label,Timestamp
Stranger,2025-07-02 23:49:54
Stranger,2025-07-02 23:50:03
Stranger,2025-07-02 23:50:05
Stranger,2025-07-02 23:50:08
Stranger,2025-07-02 23:50:10
Stranger,2025-07-02 23:50:12
Stranger,2025-07-02 23:50:14
Stranger,2025-07-02 23:50:17
Stranger,2025-07-02 23:50:34
Stranger,2025-07-02 23:50:43
Stranger,2025-07-02 23:50:45
Stranger,2025-07-02 23:50:48
Stranger,2025-07-02 23:50:50
Stranger,2025-07-02 23:50:52
Stranger,2025-07-02 23:50:55
Stranger,2025-07-02 23:50:58
Stranger,2025-07-15 20:46:58
Stranger,2025-07-15 20:47:14
Stranger,2025-07-15 20:47:17
Stranger,2025-07-15 20:47:20
Stranger,2025-07-15 20:47:24
Stranger,2025-07-15 20:47:27
Stranger,2025-07-15 20:47:30
Stranger,2025-07-15 20:47:33
Stranger,2025-07-29 23:28:35
Stranger,2025-07-29 23:28:45
Stranger,2025-07-29 23:28:47
Stranger,2025-07-29 23:31:39
Stranger,2025-07-29 23:31:47
Stranger,2025-07-29 23:31:50
Stranger,2025-07-29 23:31:53
Stranger,2025-07-29 23:31:55
Stranger,2025-07-29 23:47:26
Stranger,2025-07-29 23:47:35
Stranger,2025-07-29 23:50:53
Stranger,2025-07-29 23:51:02
Stranger,2025-07-29 23:51:04
Stranger,2025-07-29 23:51:07
Stranger,2025-07-29 23:51:10
Stranger,2025-07-29 23:51:12
Stranger,2025-07-29 23:53:06
Stranger,2025-07-29 23:53:15
Stranger,2025-07-29 23:56:28
Stranger,2025-07-29 23:56:36
Stranger,2025-07-29 23:56:39
Stranger,2025-07-29 23:56:41
Stranger,2025-07-29 23:56:43
Stranger,2025-07-29 23:56:46
Stranger,2025-07-31 21:53:15
Stranger,2025-07-31 21:53:28
