Stranger,2025-07-02_23-45-38
Stranger,2025-07-02_23-46-49,stranger_2025-07-02_23-46-49.jpg
Stranger,2025-07-02_23-46-54,stranger_2025-07-02_23-46-54.jpg
Stranger,2025-07-02_23-46-57,stranger_2025-07-02_23-46-57.jpg
Stranger,2025-07-02_23-46-59,stranger_2025-07-02_23-46-59.jpg
Stranger,2025-07-02_23-47-01,stranger_2025-07-02_23-47-01.jpg
Stranger,2025-07-02_23-47-04,stranger_2025-07-02_23-47-04.jpg
Stranger,2025-07-02_23-47-06,stranger_2025-07-02_23-47-06.jpg
Stranger,2025-07-02_23-47-09,stranger_2025-07-02_23-47-09.jpg
Stranger,2025-07-02_23-47-11,stranger_2025-07-02_23-47-11.jpg
Stranger,2025-07-02_23-47-14,stranger_2025-07-02_23-47-14.jpg
Stranger,2025-07-02 23:48:41
Stranger,2025-07-02 23:48:50
Stranger,2025-07-02 23:48:52
Stranger,2025-07-02 23:48:55
Stranger,2025-07-02 23:48:57
Stranger,2025-07-02 23:48:59
Stranger,2025-07-02 23:49:02
Stranger,2025-07-02 23:49:04
Stranger,2025-07-02 23:49:07
